,LDAP,LDAP_VALUE,NetBIOS,NetBIOS_VALUE,BENIGN,BENIGN_VALUE
Real,0.9015523127112284,1905191.0,0.09602296764106578,202919.0,0.0024247196477058387,5124.0
Positive,0,0.0,0,0.0,1.0,2113234.0
Negative,1.0,2113234.0,0,0.0,0,0.0
Random,0.7632193122011097,1612861.0,0.23292498606401374,492225.0,0.0038557017348764973,8148.0
