,MSSQL,MSSQL_VALUE,LDAP,LDAP_VALUE,BENIGN,BENIGN_VALUE
Real,0.9977968366556517,5763061.0,0.0017194196599389243,9931.0,0.00048374368440936004,2794.0
Positive,0,0.0,0,0.0,1.0,5775786.0
Negative,1.0,5775786.0,0,0.0,0,0.0
Random,0.7163592972454312,4137538.0,0.10461641064956353,604242.0,0.17902429210500528,1034006.0
