,NetBIOS,NetBIOS_VALUE,BENIGN,BENIGN_VALUE
Real,0.9996177550327715,3454578.0,0.0003822449672284983,1321.0
Positive,0,0.0,1.0,3455899.0
Negative,1.0,3455899.0,0,0.0
Random,0.6558629172901176,2266596.0,0.3441370827098824,1189303.0
