,Portmap,Portmap_VALUE,BENIGN,BENIGN_VALUE
Real,0.9753043913737519,186960.0,0.024695608626248082,4734.0
Positive,0,0.0,1.0,191694.0
Negative,1.0,191694.0,0,0.0
Random,0.3945715567519067,75637.0,0.6054284432480933,116057.0
