,Syn,Syn_VALUE,BENIGN,BENIGN_VALUE
Real,0.991716315155903,4284751.0,0.00828368484409707,35790.0
Positive,0,0.0,1.0,4320541.0
Negative,1.0,4320541.0,0,0.0
Random,0.14094785815017147,608971.0,0.8590521418498285,3711570.0
