,UDP,UDP_VALUE,MSSQL,MSSQL_VALUE,BENIGN,BENIGN_VALUE
Real,0.9927222367052455,3754680.0,0.006449146344752243,24392.0,0.0008286169500021944,3134.0
Positive,0,0.0,0,0.0,1.0,3782206.0
Negative,1.0,3782206.0,0,0.0,0,0.0
Random,0.33962111000828615,1284517.0,0.21835193535201414,825852.0,0.4420269546396997,1671837.0
