,Syn,Syn_VALUE,UDP,UDP_VALUE,BENIGN,BENIGN_VALUE,UDPLag,UDPLag_VALUE
Real,0.8367047499534589,606749.0,0.15510263181482836,112475.0,0.00560975777926403,4068.0,0.002582860452448753,1873.0
Positive,0,0.0,0,0.0,1.0,725165.0,0,0.0
Negative,1.0,725165.0,0,0.0,0,0.0,0,0.0
Random,0.24553998055614928,178057.0,0.32554108375335267,236071.0,0.09713927175194612,70442.0,0.3317796639385519,240595.0
