,DrDoS_MSSQL,DrDoS_MSSQL_VALUE,BENIGN,BENIGN_VALUE
Real,0.9995566358964022,4522492.0,0.0004433641035977914,2006.0
Positive,0,0.0,1.0,4524498.0
Negative,1.0,4524498.0,0,0.0
Random,0.6068938476710566,2745890.0,0.39310615232894347,1778608.0
