,DrDoS_UDP,DrDoS_UDP_VALUE,BENIGN,BENIGN_VALUE
Real,0.9993123569801345,3134645.0,0.0006876430198654554,2157.0
Positive,0,0.0,1.0,3136802.0
Negative,1.0,3136802.0,0,0.0
Random,0.7062699526460389,2215429.0,0.29373004735396113,921373.0
