,DrDoS_NTP,DrDoS_NTP_VALUE,BENIGN,BENIGN_VALUE
Real,0.9881964524443985,1202642.0,0.01180354755560157,14365.0
Positive,0,0.0,1.0,1217007.0
Negative,1.0,1217007.0,0,0.0
Random,0.7268889989950756,884629.0,0.27311100100492436,332378.0
