,DrDoS_DNS,DrDoS_DNS_VALUE,BENIGN,BENIGN_VALUE
Real,0.9993295776279936,5071011.0,0.0006704223720063779,3402.0
Positive,0,0.0,1.0,5074413.0
Negative,1.0,5074413.0,0,0.0
Random,0.30593036081217667,1552417.0,0.6940696391878233,3521996.0
