,DrDoS_LDAP,DrDoS_LDAP_VALUE,BENIGN,BENIGN_VALUE
Real,0.9992610731308404,2179930.0,0.0007389268691595211,1612.0
Positive,0,0.0,1.0,2181542.0
Negative,1.0,2181542.0,0,0.0
Random,0.9470787177143507,2066092.0,0.052921282285649324,115450.0
