,DrDoS_SSDP,DrDoS_SSDP_VALUE,BENIGN,BENIGN_VALUE
Real,0.9997078166513108,2610611.0,0.0002921833486892341,763.0
Positive,0,0.0,1.0,2611374.0
Negative,1.0,2611374.0,0,0.0
Random,0.11494370396580497,300161.0,0.885056296034195,2311213.0
