,DrDoS_SNMP,DrDoS_SNMP_VALUE,BENIGN,BENIGN_VALUE
Real,0.9997080236533777,5159870.0,0.0002919763466222289,1507.0
Positive,0,0.0,1.0,5161377.0
Negative,1.0,5161377.0,0,0.0
Random,0.9880996873508755,5099955.0,0.011900312649124448,61422.0
