,DrDoS_NetBIOS,DrDoS_NetBIOS_VALUE,BENIGN,BENIGN_VALUE
Real,0.9995831487580177,4093279.0,0.0004168512419822681,1707.0
Positive,0,0.0,1.0,4094986.0
Negative,1.0,4094986.0,0,0.0
Random,0.9160016664281636,3751014.0,0.08399833357183639,343972.0
