,Syn,Syn_VALUE,BENIGN,BENIGN_VALUE
Real,0.9997523190080629,1582289.0,0.00024768099193709915,392.0
Positive,0,0.0,1.0,1582681.0
Negative,1.0,1582681.0,0,0.0
Random,0.6914014889924123,1094268.0,0.3085985110075878,488413.0
