,TFTP,TFTP_VALUE,BENIGN,BENIGN_VALUE
Real,0.998744419275141,20082580.0,0.0012555807248590314,25247.0
Positive,0,0.0,1.0,20107827.0
Negative,1.0,20107827.0,0,0.0
Random,0.5042307157307451,10138984.0,0.49576928426925493,9968843.0
