,UDP-lag,UDP-lag_VALUE,BENIGN,BENIGN_VALUE,WebDDoS,WebDDoS_VALUE
Real,0.9888182836173284,366461.0,0.009997166794835472,3705.0,0.0011845495878361058,439.0
Positive,0,0.0,1.0,370605.0,0,0.0
Negative,1.0,370605.0,0,0.0,0,0.0
Random,0.2937790909458858,108876.0,0.03256297135764493,12068.0,0.6736579376964693,249661.0
